,DATE,REGION,NEW_CASES,CUMULATIVE_CASES,NEW_DEATHS,CUMULATIVE_DEATHS,CUMULATIVE_RECOVERED,NEW_RECOVERED,ACTIVE_CASES
0,2020-02-25,SP,1,1,0,0,0,0,1
1,2020-02-26,SP,0,1,0,0,0,0,1
2,2020-02-27,SP,0,1,0,0,0,0,1
3,2020-02-28,SP,1,2,0,0,0,0,2
4,2020-02-29,SP,0,2,0,0,0,0,2
5,2020-03-01,SP,0,2,0,0,0,0,2
6,2020-03-02,SP,0,2,0,0,0,0,2
7,2020-03-03,SP,0,2,0,0,0,0,2
8,2020-03-04,SP,1,3,0,0,0,0,3
9,2020-03-05,SP,3,6,0,0,0,0,6
10,2020-03-06,SP,4,10,0,0,0,0,10
11,2020-03-07,SP,3,13,0,0,0,0,13
12,2020-03-08,SP,3,16,0,0,0,0,16
13,2020-03-09,SP,0,16,0,0,0,0,16
14,2020-03-10,SP,3,19,0,0,0,0,19
15,2020-03-11,SP,11,30,0,0,0,0,30
16,2020-03-12,SP,16,46,0,0,0,0,46
17,2020-03-13,SP,10,56,0,0,0,0,56
18,2020-03-14,SP,9,65,0,0,0,0,65
19,2020-03-15,SP,71,136,0,0,0,0,136
20,2020-03-16,SP,16,152,0,0,0,0,152
21,2020-03-17,SP,12,164,1,1,0,0,163
22,2020-03-18,SP,77,241,3,4,0,0,237
23,2020-03-19,SP,45,286,1,5,0,0,281
24,2020-03-20,SP,110,396,4,9,0,0,387
25,2020-03-21,SP,63,459,6,15,0,0,444
26,2020-03-22,SP,172,631,7,22,0,0,609
27,2020-03-23,SP,114,745,8,30,0,0,715
28,2020-03-24,SP,65,810,10,40,1,1,769
29,2020-03-25,SP,52,862,8,48,1,0,813
30,2020-03-26,SP,191,1053,10,58,1,0,994
31,2020-03-27,SP,170,1223,10,68,1,0,1154
32,2020-03-28,SP,183,1406,16,84,1,0,1321
33,2020-03-29,SP,45,1451,14,98,1,0,1352
34,2020-03-30,SP,66,1517,15,113,1,0,1403
35,2020-03-31,SP,822,2339,23,136,1,0,2202
36,2020-04-01,SP,642,2981,28,164,1,0,2816
37,2020-04-02,SP,525,3506,24,188,1,0,3317
38,2020-04-03,SP,542,4048,31,219,1,0,3828
39,2020-04-04,SP,418,4466,41,260,1,0,4205
40,2020-04-05,SP,154,4620,15,275,1,0,4344
41,2020-04-06,SP,246,4866,29,304,1,0,4561
42,2020-04-07,SP,816,5682,67,371,1,0,5310
43,2020-04-08,SP,1026,6708,57,428,1,0,6279
44,2020-04-09,SP,772,7480,68,496,1,0,6983
45,2020-04-10,SP,736,8216,44,540,1,0,7675
46,2020-04-11,SP,203,8419,20,560,1,0,7858
47,2020-04-12,SP,336,8755,28,588,1,0,8166
48,2020-04-13,SP,140,8895,20,608,1524,1523,6763
49,2020-04-14,SP,476,9371,87,695,1524,0,7152
50,2020-04-15,SP,1672,11043,83,778,1524,0,8741
51,2020-04-16,SP,525,11568,75,853,1524,0,9191
52,2020-04-17,SP,1273,12841,75,928,1524,0,10389
53,2020-04-18,SP,1053,13894,63,991,1524,0,11379
54,2020-04-19,SP,373,14267,24,1015,1524,0,11728
55,2020-04-20,SP,313,14580,22,1037,1524,0,12019
56,2020-04-21,SP,805,15385,56,1093,1524,0,12768
57,2020-04-22,SP,529,15914,41,1134,1524,0,13256
58,2020-04-23,SP,826,16740,211,1345,1524,0,13871
59,2020-04-24,SP,1086,17826,167,1512,1524,0,14790
60,2020-04-25,SP,2178,20004,155,1667,1524,0,16813
61,2020-04-26,SP,711,20715,33,1700,1524,0,17491
62,2020-04-27,SP,981,21696,125,1825,1524,0,18347
63,2020-04-28,SP,2345,24041,224,2049,1524,0,20468
64,2020-04-29,SP,2117,26158,198,2247,1524,0,22387
65,2020-04-30,SP,2540,28698,128,2375,1524,0,24799
66,2020-05-01,SP,1676,30374,136,2511,1524,0,26339
67,2020-05-02,SP,800,31174,75,2586,1524,0,27064
68,2020-05-03,SP,598,31772,41,2627,1524,0,27621
69,2020-05-04,SP,415,32187,27,2654,1524,0,28009
70,2020-05-05,SP,1866,34053,197,2851,1524,0,29678
71,2020-05-06,SP,3800,37853,194,3045,1524,0,33284
72,2020-05-07,SP,2075,39928,161,3206,1524,0,35198
73,2020-05-08,SP,1902,41830,210,3416,1524,0,36890
74,2020-05-09,SP,2581,44411,192,3608,1524,0,39279
75,2020-05-10,SP,1033,45444,101,3709,1524,0,40211
76,2020-05-11,SP,687,46131,34,3743,1524,0,40864
77,2020-05-12,SP,1588,47719,206,3949,1524,0,42246
78,2020-05-13,SP,3378,51097,169,4118,1524,0,45455
79,2020-05-14,SP,3189,54286,197,4315,1524,0,48447
80,2020-05-15,SP,4092,58378,186,4501,1524,0,52353
81,2020-05-16,SP,2805,61183,187,4688,1524,0,54971
82,2020-05-17,SP,1162,62345,94,4782,1524,0,56039
83,2020-05-18,SP,721,63066,41,4823,1524,0,56719
84,2020-05-19,SP,2929,65995,324,5147,1524,0,59324
85,2020-05-20,SP,3864,69859,216,5363,1524,0,62972
86,2020-05-21,SP,3880,73739,195,5558,1524,0,66657
87,2020-05-22,SP,3132,76871,215,5773,1524,0,69574
88,2020-05-23,SP,3687,80558,272,6045,15296,13772,59217
89,2020-05-24,SP,1603,82161,118,6163,16494,1198,59504
90,2020-05-25,SP,1464,83625,57,6220,16814,320,60591
91,2020-05-26,SP,2392,86017,203,6423,17589,775,62005
92,2020-05-27,SP,3466,89483,289,6712,18245,656,64526
93,2020-05-28,SP,6382,95865,268,6980,18955,710,69930
94,2020-05-29,SP,5691,101556,295,7275,19665,710,74616
95,2020-05-30,SP,5586,107142,257,7532,49295,29630,50315
96,2020-05-31,SP,2556,109698,83,7615,49295,0,52788
97,2020-06-01,SP,1598,111296,52,7667,49295,0,54334
98,2020-06-02,SP,6999,118295,327,7994,49295,0,61006
99,2020-06-03,SP,5188,123483,282,8276,49295,0,65912
100,2020-06-04,SP,5717,129200,285,8561,49295,0,71344
101,2020-06-05,SP,5365,134565,281,8842,49295,0,76428
102,2020-06-06,SP,5984,140549,216,9058,49295,0,82196
103,2020-06-07,SP,2524,143073,87,9145,49295,0,84633
104,2020-06-08,SP,1520,144593,43,9188,49295,0,86110
105,2020-06-09,SP,5545,150138,334,9522,49295,0,91321
106,2020-06-10,SP,6178,156316,340,9862,49295,0,97159
107,2020-06-11,SP,6204,162520,283,10145,49295,0,103080
108,2020-06-12,SP,5380,167900,223,10368,49295,0,108237
109,2020-06-13,SP,4975,172875,213,10581,49295,0,112999
110,2020-06-14,SP,5327,178202,113,10694,49295,0,118213
111,2020-06-15,SP,3258,181460,73,10767,49295,0,121398
112,2020-06-16,SP,8825,190285,365,11132,49295,0,129858
113,2020-06-17,SP,1232,191517,389,11521,49295,0,130701
114,2020-06-18,SP,1111,192628,325,11846,49295,0,131487
115,2020-06-19,SP,19030,211658,386,12232,49295,0,150131
116,2020-06-20,SP,4135,215793,262,12494,49295,0,154004
117,2020-06-21,SP,3392,219185,94,12588,49295,0,157302
118,2020-06-22,SP,2788,221973,46,12634,49295,0,160044
119,2020-06-23,SP,7502,229475,434,13068,49295,0,167112
120,2020-06-24,SP,9347,238822,284,13352,49295,0,176175
121,2020-06-25,SP,9765,248587,407,13759,49295,0,185533
122,2020-06-26,SP,9921,258508,207,13966,49295,0,195247
123,2020-06-27,SP,7073,265581,297,14263,49295,0,202023
124,2020-06-28,SP,6156,271737,75,14338,49295,0,208104
125,2020-06-29,SP,3408,275145,60,14398,49295,0,211452
126,2020-06-30,SP,6235,281380,365,14763,49295,0,217322
127,2020-07-01,SP,8555,289935,267,15030,157845,108550,117060
128,2020-07-02,SP,12244,302179,321,15351,162851,5006,123977
129,2020-07-03,SP,8523,310702,343,15694,162851,0,132157
130,2020-07-04,SP,1828,312530,302,15996,174289,11438,122245
131,2020-07-05,SP,7649,320179,82,16078,175439,1150,128662
132,2020-07-06,SP,2891,323070,56,16134,176494,1055,130442
133,2020-07-07,SP,9638,332708,341,16475,194958,18464,121275
134,2020-07-08,SP,8657,341365,313,16788,199005,4047,125572
135,2020-07-09,SP,8350,349715,330,17118,202967,3962,129630
136,2020-07-10,SP,9395,359110,324,17442,204531,1564,137137
137,2020-07-11,SP,7780,366890,260,17702,211777,7246,137411
138,2020-07-12,SP,5107,371997,146,17848,220974,9197,133175
139,2020-07-13,SP,2610,374607,59,17907,230680,9706,126020
140,2020-07-14,SP,12000,386607,417,18324,240184,9504,128099
141,2020-07-15,SP,6569,393176,316,18640,246941,6757,127595
142,2020-07-16,SP,8872,402048,398,19038,252699,5758,130311
143,2020-07-17,SP,5367,407415,339,19377,255768,3069,132270
144,2020-07-18,SP,4612,412027,270,19647,255768,0,136612
145,2020-07-19,SP,3022,415049,85,19732,270203,14435,125114
146,2020-07-20,SP,1385,416434,56,19788,282391,12188,114255
147,2020-07-21,SP,6235,422669,383,20171,290346,7955,112152
148,2020-07-22,SP,16777,439446,361,20532,299647,9301,119267
149,2020-07-23,SP,12561,452007,362,20894,302176,2529,128937
150,2020-07-24,SP,11211,463218,312,21206,311502,9326,130510
151,2020-07-25,SP,16263,479481,311,21517,319848,8346,138116
152,2020-07-26,SP,4501,483982,89,21606,328109,8261,134267
153,2020-07-27,SP,3672,487654,70,21676,337434,9325,128544
154,2020-07-28,SP,12647,500301,383,22059,337434,0,140808
155,2020-07-29,SP,13896,514197,330,22389,344501,7067,147307
156,2020-07-30,SP,14809,529006,321,22710,349287,4786,157009
157,2020-07-31,SP,13298,542304,287,22997,351610,2323,167697
158,2020-08-01,SP,10014,552318,239,23236,363371,11761,165711
159,2020-08-02,SP,6367,558685,81,23317,369859,6488,165509
160,2020-08-03,SP,1533,560218,48,23365,378683,8824,158170
161,2020-08-04,SP,15371,575589,337,23702,383713,5030,168174
162,2020-08-05,SP,9676,585265,407,24109,387918,4205,173238
163,2020-08-06,SP,13405,598670,339,24448,390601,2683,183621
164,2020-08-07,SP,9709,608379,287,24735,391699,1098,191945
165,2020-08-08,SP,13352,621731,281,25016,397653,5954,199062
166,2020-08-09,SP,5395,627126,98,25114,414332,16679,187680
167,2020-08-10,SP,1289,628415,37,25151,426856,12524,176408
168,2020-08-11,SP,11147,639562,420,25571,437647,10791,176344
169,2020-08-12,SP,15619,655181,298,25869,453612,15965,175700
170,2020-08-13,SP,19274,674455,455,26324,457758,4146,190373
171,2020-08-14,SP,11667,686122,289,26613,461041,3283,198468
172,2020-08-15,SP,11408,697530,167,26780,473521,12480,197229
173,2020-08-16,SP,1963,699493,72,26852,487345,13824,185296
174,2020-08-17,SP,3172,702665,47,26899,502107,14762,173659
175,2020-08-18,SP,8865,711530,416,27315,514989,12882,169226
176,2020-08-19,SP,9847,721377,276,27591,524727,9738,169059
177,2020-08-20,SP,9451,730828,314,27905,530780,6053,172143
178,2020-08-21,SP,5132,735960,250,28155,532063,1283,175742
179,2020-08-22,SP,13284,749244,237,28392,547197,15134,173655
180,2020-08-23,SP,4885,754129,75,28467,556798,9601,168864
181,2020-08-24,SP,2351,756480,38,28505,570165,13367,157810
182,2020-08-25,SP,9190,765670,407,28912,579467,9302,157291
183,2020-08-26,SP,10465,776135,282,29194,592537,13070,154404
184,2020-08-27,SP,8318,784453,221,29415,597711,5174,157327
185,2020-08-28,SP,11756,796209,279,29694,598721,1010,167794
186,2020-08-29,SP,5213,801422,250,29944,609618,10897,161860
187,2020-08-30,SP,1982,803404,34,29978,625203,15585,148223
188,2020-08-31,SP,938,804342,36,30014,644441,19238,129887
189,2020-09-01,SP,10033,814375,361,30375,655747,11306,128253
190,2020-09-02,SP,11956,826331,298,30673,666857,11110,128801
191,2020-09-03,SP,11647,837978,232,30905,668588,1731,138485
192,2020-09-04,SP,7038,845016,186,31091,671574,2986,142351
193,2020-09-05,SP,8069,853085,222,31313,680217,8643,141555
194,2020-09-06,SP,2637,855722,40,31353,690024,9807,134345
195,2020-09-07,SP,1608,857330,24,31377,699451,9427,126502
196,2020-09-08,SP,1453,858783,53,31430,704530,5079,122823
197,2020-09-09,SP,7793,866576,391,31821,717423,12893,117332
198,2020-09-10,SP,8178,874754,283,32104,722025,4602,120625
199,2020-09-11,SP,8055,882809,234,32338,724142,2117,126329
200,2020-09-12,SP,7881,890690,229,32567,733103,8961,125020
201,2020-09-13,SP,1567,892257,39,32606,743529,10426,116122
202,2020-09-14,SP,1092,893349,36,32642,751811,8282,108896
203,2020-09-15,SP,7922,901271,321,32963,763246,11435,105062
204,2020-09-16,SP,8157,909428,290,33253,768169,4923,108006
205,2020-09-17,SP,7393,916821,219,33472,768169,0,115180
206,2020-09-18,SP,7711,924532,206,33678,770664,2495,120190
207,2020-09-19,SP,7141,931673,249,33927,780448,9784,117298
208,2020-09-20,SP,3627,935300,25,33952,792379,11931,108969
209,2020-09-21,SP,2032,937332,32,33984,803994,11615,99354
210,2020-09-22,SP,8090,945422,282,34266,803994,0,107162
211,2020-09-23,SP,6551,951973,226,34492,818593,14599,98888
212,2020-09-24,SP,6267,958240,185,34677,821045,2452,102518
213,2020-09-25,SP,6681,964921,200,34877,822453,1408,107591
214,2020-09-26,SP,5967,970888,186,35063,823720,1267,112105
215,2020-09-27,SP,1349,972237,45,35108,831568,7848,105561
216,2020-09-28,SP,905,973142,17,35125,839142,7574,98875
217,2020-09-29,SP,6377,979519,266,35391,847418,8276,96710
218,2020-09-30,SP,6109,985628,231,35622,855068,7650,94938
219,2020-10-01,SP,6097,991725,182,35804,856453,1385,99468
220,2020-10-02,SP,5608,997333,152,35956,857393,940,103984
221,2020-10-03,SP,6096,1003429,180,36136,865135,7742,102158
222,2020-10-04,SP,473,1003902,42,36178,873250,8115,94474
223,2020-10-05,SP,677,1004579,42,36220,880601,7351,87758
224,2020-10-06,SP,6260,1010839,270,36490,888042,7441,86307
225,2020-10-07,SP,5916,1016755,179,36669,895004,6962,85082
226,2020-10-08,SP,5649,1022404,215,36884,898416,3412,87104
227,2020-10-09,SP,5786,1028190,184,37068,898416,0,92706
228,2020-10-10,SP,6626,1034816,155,37223,908199,9783,89394
229,2020-10-11,SP,2844,1037660,33,37256,914717,6518,85687
230,2020-10-12,SP,684,1038344,23,37279,920961,6244,80104
231,2020-10-13,SP,685,1039029,35,37314,928292,7331,73423
232,2020-10-14,SP,6031,1045060,227,37541,933347,5055,74172
233,2020-10-15,SP,6553,1051613,149,37690,934547,1200,79376
234,2020-10-16,SP,5627,1057240,180,37870,935272,725,84098
235,2020-10-17,SP,5394,1062634,122,37992,941527,6255,83115
236,2020-10-18,SP,968,1063602,28,38020,947608,6081,77974
237,2020-10-19,SP,437,1064039,15,38035,953690,6082,72314
238,2020-10-20,SP,4923,1068962,211,38246,959087,5397,71629
239,2020-10-21,SP,4299,1073261,125,38371,965058,5971,69832
240,2020-10-22,SP,3678,1076939,111,38482,965420,362,73037
241,2020-10-23,SP,6702,1083641,126,38608,965971,551,79062
242,2020-10-24,SP,5614,1089255,118,38726,972113,6142,78416
243,2020-10-25,SP,2725,1091980,21,38747,978008,5895,75225
244,2020-10-26,SP,863,1092843,6,38753,983651,5643,70439
245,2020-10-27,SP,5364,1098207,132,38885,989305,5654,70017
246,2020-10-28,SP,5375,1103582,122,39007,995809,6504,68766
247,2020-10-29,SP,5278,1108860,112,39119,998541,2732,71200
248,2020-10-30,SP,4928,1113788,136,39255,999089,548,75444
249,2020-10-31,SP,2339,1116127,56,39311,999718,629,77098
250,2020-11-01,SP,1020,1117147,20,39331,1005729,6011,72087
251,2020-11-02,SP,648,1117795,15,39346,1012267,6538,66182
252,2020-11-03,SP,749,1118544,18,39364,1017876,5609,61304
253,2020-11-04,SP,4755,1123299,185,39549,1023085,5209,60665
254,2020-11-05,SP,2637,1125936,168,39717,1023885,800,62334
255,2020-11-06,SP,0,1125936,0,39717,1023885,0,62334
256,2020-11-07,SP,0,1125936,0,39717,1023885,0,62334
257,2020-11-08,SP,0,1125936,0,39717,1023885,0,62334
258,2020-11-09,SP,0,1125936,0,39717,1023885,0,62334
259,2020-11-10,SP,21515,1147451,0,39717,1023885,0,83849
260,2020-11-11,SP,3421,1150872,190,39907,1049348,25463,61617
261,2020-11-12,SP,5780,1156652,295,40202,1051778,2430,64672
262,2020-11-13,SP,6130,1162782,0,40202,1051778,0,70802
263,2020-11-14,SP,4640,1167422,347,40549,1051778,0,75095
264,2020-11-15,SP,1218,1168640,15,40564,1051778,0,76298
265,2020-11-16,SP,737,1169377,12,40576,1068284,16506,60517
266,2020-11-17,SP,8698,1178075,173,40749,1073039,4755,64287
267,2020-11-18,SP,6421,1184496,178,40927,1075200,2161,68369
268,2020-11-19,SP,6794,1191290,147,41074,1076073,873,74143
269,2020-11-20,SP,9058,1200348,105,41179,1076616,543,82553
270,2020-11-21,SP,5087,1205435,77,41256,1076616,0,87563
271,2020-11-22,SP,4153,1209588,11,41267,1082032,5416,86289
272,2020-11-23,SP,1037,1210625,9,41276,1082032,0,87317
273,2020-11-24,SP,5219,1215844,179,41455,1084660,2628,89729
274,2020-11-25,SP,8900,1224744,146,41601,1084660,0,98483
275,2020-11-26,SP,4523,1229267,172,41773,1084660,0,102834
276,2020-11-27,SP,4320,1233587,129,41902,1084660,0,107025
277,2020-11-28,SP,4507,1238094,146,42048,1084660,0,111386
278,2020-11-29,SP,2379,1240473,28,42076,1084660,0,113737
279,2020-11-30,SP,1180,1241653,19,42095,1114557,29897,85001
280,2020-12-01,SP,8937,1250590,195,42290,1114557,0,93743
281,2020-12-02,SP,9114,1259704,166,42456,1124966,10409,92282
282,2020-12-03,SP,8208,1267912,181,42637,1124966,0,100309
283,2020-12-04,SP,8237,1276149,151,42788,1126589,1623,106772
284,2020-12-05,SP,8938,1285087,181,42969,1135106,8517,107012
285,2020-12-06,SP,2675,1287762,46,43015,1135106,0,109641
286,2020-12-07,SP,1116,1288878,25,43040,1141481,6375,104357
287,2020-12-08,SP,7923,1296801,242,43282,1157066,15585,96453
288,2020-12-09,SP,9784,1306585,179,43461,1157066,0,106058
289,2020-12-10,SP,9786,1316371,200,43661,1165927,8861,106783
290,2020-12-11,SP,8791,1325162,141,43802,1166823,896,114537
291,2020-12-12,SP,8601,1333763,169,43971,1166823,0,122969
292,2020-12-13,SP,940,1334703,47,44018,1180726,13903,109959
293,2020-12-14,SP,2313,1337016,32,44050,1185217,4491,107749
294,2020-12-15,SP,4412,1341428,232,44282,1189305,4088,107841
295,2020-12-16,SP,0,1341428,0,44282,1189305,0,107841
296,2020-12-17,SP,20303,1361731,399,44681,1189305,0,127745
297,2020-12-18,SP,9922,1371653,197,44878,1195792,6487,130983
298,2020-12-19,SP,12447,1384100,151,45029,1196775,983,142296
299,2020-12-20,SP,0,1384100,0,45029,1205561,8786,133510
300,2020-12-21,SP,3943,1388043,107,45136,1222776,17215,120131
301,2020-12-22,SP,10714,1398757,259,45395,1222776,0,130586
302,2020-12-23,SP,10383,1409140,181,45576,1222776,0,140788
303,2020-12-24,SP,9351,1418491,182,45758,1222776,0,149957
304,2020-12-25,SP,3596,1422087,37,45795,1222776,0,153516
305,2020-12-26,SP,1253,1423340,13,45808,1250993,28217,126539
306,2020-12-27,SP,2836,1426176,55,45863,1260722,9729,119591
307,2020-12-28,SP,1576,1427752,39,45902,1270469,9747,111381
308,2020-12-29,SP,12477,1440229,293,46195,1278967,8498,115067
309,2020-12-30,SP,11849,1452078,282,46477,1278967,0,126634
310,2020-12-31,SP,10219,1462297,240,46717,1287986,9019,127594
311,2021-01-01,SP,3894,1466191,58,46775,1287986,0,131430
312,2021-01-02,SP,1762,1467953,33,46808,1294620,6634,126525
313,2021-01-03,SP,3469,1471422,37,46845,1294620,0,129957
314,2021-01-04,SP,2248,1473670,43,46888,1314843,20223,111939
315,2021-01-05,SP,12881,1486551,334,47222,1324431,9588,114898
316,2021-01-06,SP,14534,1501085,289,47511,1324431,0,129143
317,2021-01-07,SP,14073,1515158,257,47768,1336589,12158,130801
318,2021-01-08,SP,13794,1528952,261,48029,1340014,3425,140909
319,2021-01-09,SP,11561,1540513,269,48298,1350513,10499,141702
320,2021-01-10,SP,5619,1546132,53,48351,1360789,10276,136992
321,2021-01-11,SP,3010,1549142,28,48379,1370112,9323,130651
322,2021-01-12,SP,12702,1561844,283,48662,1370112,0,143070
323,2021-01-13,SP,15275,1577119,323,48985,1373425,3313,154709
324,2021-01-14,SP,13710,1590829,304,49289,1376887,3462,164653
325,2021-01-15,SP,15016,1605845,311,49600,1378152,1265,178093
326,2021-01-16,SP,13774,1619619,285,49885,1390344,12192,179390
327,2021-01-17,SP,5720,1625339,60,49945,1402133,11789,173261
328,2021-01-18,SP,2933,1628272,42,49987,1412310,10177,165975
329,2021-01-19,SP,15953,1644225,331,50318,1415873,3563,178034
330,2021-01-20,SP,14411,1658636,334,50652,1415873,0,192111
331,2021-01-21,SP,12118,1670754,286,50938,1420484,4611,199332
332,2021-01-22,SP,9005,1679759,254,51192,1420484,0,208083
333,2021-01-23,SP,14596,1694355,231,51423,1435128,14644,207804
334,2021-01-24,SP,5072,1699427,79,51502,1435128,0,212797
335,2021-01-25,SP,2867,1702294,54,51556,1463602,28474,187136
336,2021-01-26,SP,12959,1715253,282,51838,1463602,0,199813
337,2021-01-27,SP,16041,1731294,332,52170,1463602,0,215522
338,2021-01-28,SP,14776,1746070,311,52481,1463602,0,229987
339,2021-01-29,SP,13887,1759957,241,52722,1496420,32818,210815
340,2021-01-30,SP,13067,1773024,232,52954,1508890,12470,211180
341,2021-01-31,SP,4344,1777368,80,53034,1524085,15195,200249
342,2021-02-01,SP,2354,1779722,56,53090,1537739,13654,188893
343,2021-02-02,SP,14297,1794019,365,53455,1537739,0,202825
344,2021-02-03,SP,12990,1807009,249,53704,1565915,28176,187390
345,2021-02-04,SP,13932,1820941,293,53997,1571342,5427,195602
346,2021-02-05,SP,12222,1833163,327,54324,1573945,2603,204894
347,2021-02-06,SP,11923,1845086,221,54545,1589680,15735,200861
348,2021-02-07,SP,4248,1849334,69,54614,1604022,14342,190698
349,2021-02-08,SP,2442,1851776,49,54663,1604022,0,193091
350,2021-02-09,SP,13201,1864977,424,55087,1624672,20650,185218
351,2021-02-10,SP,13825,1878802,332,55419,1638936,14264,184447
352,2021-02-11,SP,11167,1889969,323,55742,1638936,0,195291
353,2021-02-12,SP,11605,1901574,229,55971,1646323,7387,199280
354,2021-02-13,SP,9837,1911411,220,56191,1646323,0,208897
355,2021-02-14,SP,2187,1913598,75,56266,1646323,0,211009
356,2021-02-15,SP,2316,1915914,38,56304,1689766,43443,169844
357,2021-02-16,SP,11496,1927410,398,56702,1689766,0,180942
358,2021-02-17,SP,11302,1938712,258,56960,1716064,26298,165688
359,2021-02-18,SP,10747,1949459,280,57240,1720128,4064,172091
360,2021-02-19,SP,11105,1960564,259,57499,1722223,2095,180842
361,2021-02-20,SP,10859,1971423,244,57743,1736276,14053,177404
362,2021-02-21,SP,4504,1975927,56,57799,1749210,12934,168918
363,2021-02-22,SP,2550,1978477,43,57842,1749210,0,171425
364,2021-02-23,SP,12077,1990554,357,58199,1774964,25754,157391
365,2021-02-24,SP,12086,2002640,329,58528,1786558,11594,157554
366,2021-02-25,SP,11889,2014529,345,58873,1790461,3903,165195
367,2021-02-26,SP,11596,2026125,256,59129,1792647,2186,174349
368,2021-02-27,SP,11142,2037267,299,59428,1805549,12902,172290
369,2021-02-28,SP,4361,2041628,65,59493,1805549,0,176586
370,2021-03-01,SP,3071,2044699,53,59546,1830423,24874,154730
371,2021-03-02,SP,10168,2054867,468,60014,1841560,11137,153293
372,2021-03-03,SP,13749,2068616,367,60381,1851030,9470,157205
373,2021-03-04,SP,12236,2080852,313,60694,1852904,1874,167254
374,2021-03-05,SP,13072,2093924,370,61064,1854850,1946,178010
375,2021-03-06,SP,13763,2107687,353,61417,1865993,11143,180277
376,2021-03-07,SP,6051,2113738,46,61463,1877249,11256,175026
377,2021-03-08,SP,4224,2117962,121,61584,1887875,10626,168503
378,2021-03-09,SP,16058,2134020,517,62101,1898463,10588,173456
379,2021-03-10,SP,15541,2149561,469,62570,1898463,0,188528
380,2021-03-11,SP,14505,2164066,440,63010,1912917,14454,188139
381,2021-03-12,SP,15720,2179786,521,63531,1914946,2029,201309
382,2021-03-13,SP,15344,2195130,434,63965,1914946,0,216219
383,2021-03-14,SP,7853,2202983,158,64123,1938517,23571,200343
384,2021-03-15,SP,5259,2208242,100,64223,1950306,11789,193713
385,2021-03-16,SP,17684,2225926,679,64902,1961223,10917,199801
386,2021-03-17,SP,17942,2243868,617,65519,1971748,10525,206601
387,2021-03-18,SP,17492,2261360,659,66178,1975450,3702,219732
388,2021-03-19,SP,18673,2280033,620,66798,1977901,2451,235334
389,2021-03-20,SP,18028,2298061,616,67414,1977901,0,252746
390,2021-03-21,SP,8265,2306326,144,67558,2001058,23157,237710
391,2021-03-22,SP,4775,2311101,44,67602,2013250,12192,230249
392,2021-03-23,SP,20942,2332043,1021,68623,2013250,0,250170
393,2021-03-24,SP,20395,2352438,281,68904,2038783,25533,244751
394,2021-03-25,SP,18447,2370885,599,69503,2038783,0,262599
395,2021-03-26,SP,21489,2392374,1193,70696,2047266,8483,274412
396,2021-03-27,SP,18124,2410498,1051,71747,2062273,15007,276478
397,2021-03-28,SP,9602,2420100,244,71991,2077570,15297,270539
398,2021-03-29,SP,5220,2425320,292,72283,2077570,0,275467
399,2021-03-30,SP,21360,2446680,1209,73492,2091783,14213,281405
400,2021-03-31,SP,23169,2469849,1160,74652,2120478,28695,274719
401,2021-04-01,SP,26567,2496416,1082,75734,2120478,0,300204
402,2021-04-02,SP,16762,2513178,818,76552,2120478,0,316148
403,2021-04-03,SP,7026,2520204,198,76750,2149176,28698,294278
404,2021-04-04,SP,7196,2527400,270,77020,2166848,17672,283532
405,2021-04-05,SP,4647,2532047,145,77165,2166848,0,288034
406,2021-04-06,SP,22794,2554841,1389,78554,2184195,17347,292092
407,2021-04-07,SP,21521,2576362,889,79443,2218618,34423,278301
408,2021-04-08,SP,21004,2597366,1299,80742,2218618,0,298006
409,2021-04-09,SP,20701,2618067,1008,81750,2218618,0,317699
410,2021-04-10,SP,17311,2635378,657,82407,2229351,10733,323620
411,2021-04-11,SP,8156,2643534,510,82917,2269521,40170,291096
412,2021-04-12,SP,5310,2648844,181,83098,2269521,0,296225
413,2021-04-13,SP,18397,2667241,1282,84380,2307994,38473,274867
414,2021-04-14,SP,18790,2686031,1095,85475,2325023,17029,275533
415,2021-04-15,SP,18067,2704098,1060,86535,2333565,8542,283998
416,2021-04-16,SP,17979,2722077,791,87326,2333565,0,301186
417,2021-04-17,SP,17746,2739823,771,88097,2358583,25018,293143
418,2021-04-18,SP,6394,2746217,253,88350,2381499,22916,276368
419,2021-04-19,SP,4083,2750300,178,88528,2407888,26389,253884
420,2021-04-20,SP,19060,2769360,1122,89650,2423528,15640,256182
421,2021-04-21,SP,17123,2786483,977,90627,2423528,0,272328
422,2021-04-22,SP,7267,2793750,183,90810,2436590,13062,266350
423,2021-04-23,SP,17812,2811562,863,91673,2440374,3784,279515
424,2021-04-24,SP,16271,2827833,875,92548,2440374,0,294911
425,2021-04-25,SP,6488,2834321,145,92693,2440374,0,301254
426,2021-04-26,SP,3912,2838233,105,92798,2483669,43295,261766
427,2021-04-27,SP,17992,2856225,1044,93842,2504568,20899,257815
428,2021-04-28,SP,17013,2873238,814,94656,2504568,0,274014
429,2021-04-29,SP,14920,2888158,876,95532,2548002,43434,244624
430,2021-04-30,SP,15551,2903709,659,96191,2552653,4651,254865
431,2021-05-01,SP,14335,2918044,750,96941,2570300,17647,250803
432,2021-05-02,SP,5323,2923367,117,97058,2588973,18673,237336
433,2021-05-03,SP,3149,2926516,114,97172,2606926,17953,222418
434,2021-05-04,SP,15464,2941980,849,98021,2606926,0,237033
435,2021-05-05,SP,14230,2956210,689,98710,2641113,34187,216387
436,2021-05-06,SP,13470,2969680,696,99406,2646811,5698,223463
437,2021-05-07,SP,14502,2984182,583,99989,2650311,3500,233882
438,2021-05-08,SP,13100,2997282,660,100649,2650311,0,246322
439,2021-05-09,SP,5785,3003067,150,100799,2650311,0,251957
440,2021-05-10,SP,3183,3006250,55,100854,2650311,0,255085
441,2021-05-11,SP,16318,3022568,806,101660,2709902,59591,211006
442,2021-05-12,SP,15672,3038240,696,102356,2709902,0,225982
443,2021-05-13,SP,15649,3053889,578,102934,2731387,21485,219568
444,2021-05-14,SP,15915,3069804,559,103493,2731387,0,234924
445,2021-05-15,SP,15486,3085290,502,103995,2752230,20843,229065
446,2021-05-16,SP,7554,3092844,224,104219,2752230,0,236395
447,2021-05-17,SP,4001,3096845,76,104295,2769019,16789,223531
448,2021-05-18,SP,15779,3112624,810,105105,2798604,29585,208915
449,2021-05-19,SP,16788,3129412,747,105852,2812192,13588,211368
450,2021-05-20,SP,17936,3147348,585,106437,2816930,4738,223981
451,2021-05-21,SP,16511,3163859,580,107017,2816930,0,239912
452,2021-05-22,SP,16736,3180595,480,107497,2816930,0,256168
453,2021-05-23,SP,7510,3188105,117,107614,2816930,0,263561
454,2021-05-24,SP,4622,3192727,63,107677,2848596,31666,236454
455,2021-05-25,SP,17477,3210204,898,108575,2875607,27011,226022
456,2021-05-26,SP,16671,3226875,666,109241,2888041,12434,229593
457,2021-05-27,SP,12782,3239657,609,109850,2893217,5176,236590
458,2021-05-28,SP,1583,3241240,703,110553,2895697,2480,234990
459,2021-05-29,SP,13653,3254893,570,111123,2911445,15748,232325
460,2021-05-30,SP,11037,3265930,181,111304,2911445,0,243181
461,2021-05-31,SP,6113,3272043,70,111374,2911445,0,249224
462,2021-06-01,SP,19466,3291509,836,112210,2957594,46149,221705
463,2021-06-02,SP,23122,3314631,717,112927,2972363,14769,229341
464,2021-06-03,SP,19733,3334364,514,113441,2979403,7040,241520
465,2021-06-04,SP,3898,3338262,33,113474,2979403,0,245385
466,2021-06-05,SP,16939,3355201,718,114192,2998432,19029,242577
467,2021-06-06,SP,9959,3365160,212,114404,3015008,16576,235748
468,2021-06-07,SP,5074,3370234,138,114542,3015008,0,240684
469,2021-06-08,SP,8022,3378256,767,115309,3015008,0,247939
470,2021-06-09,SP,4192,3382448,651,115960,3048550,33542,217938
471,2021-06-10,SP,23033,3405481,733,116693,3064635,16085,224153
472,2021-06-11,SP,22875,3428356,651,117344,3075383,10748,235629
473,2021-06-12,SP,21221,3449577,543,117887,3075383,0,256307
474,2021-06-13,SP,9272,3458849,234,118121,3075383,0,265345
475,2021-06-14,SP,5309,3464158,92,118213,3121444,46061,224501
476,2021-06-15,SP,23227,3487385,897,119110,3121444,0,246831
477,2021-06-16,SP,22582,3509967,795,119905,3134988,13544,255074
478,2021-06-17,SP,15054,3525021,619,120524,3145406,10418,259091
479,2021-06-18,SP,27706,3552727,714,121238,3145406,0,286083
480,2021-06-19,SP,20483,3573210,722,121960,3145406,0,305844
481,2021-06-20,SP,9582,3582792,200,122160,3145406,0,315226
482,2021-06-21,SP,4854,3587646,98,122258,3192471,47065,272917
483,2021-06-22,SP,23097,3610743,843,123101,3215161,22690,272481
484,2021-06-23,SP,19508,3630251,724,123825,3215161,0,291265
485,2021-06-24,SP,17951,3648202,781,124606,3215161,0,308435
486,2021-06-25,SP,20994,3669196,772,125378,3244856,29695,298962
487,2021-06-26,SP,18932,3688128,538,125916,3244856,0,317356
488,2021-06-27,SP,7965,3696093,134,126050,3244856,0,325187
489,2021-06-28,SP,4285,3700378,62,126112,3279369,34513,294897
490,2021-06-29,SP,19208,3719586,825,126937,3279369,0,313280
491,2021-06-30,SP,7762,3727348,744,127681,3279369,0,320298
