,DATE,REGION,NEW_CASES,CUMULATIVE_CASES,NEW_DEATHS,CUMULATIVE_DEATHS,NEW_FIRST_DOSES,CUMULATIVE_FIRST_DOSES,NEW_SECOND_DOSES,CUMULATIVE_SECOND_DOSES,CUMULATIVE_RECOVERED,NEW_RECOVERED,ACTIVE_CASES
0,2020-03-26,Grande SP Norte,0,8,0,0,0,0,0,0,0,0,8
1,2020-03-27,Grande SP Norte,2,10,0,0,0,0,0,0,0,0,10
2,2020-03-28,Grande SP Norte,0,10,0,0,0,0,0,0,0,0,10
3,2020-03-29,Grande SP Norte,0,10,0,0,0,0,0,0,0,0,10
4,2020-03-30,Grande SP Norte,3,13,0,0,0,0,0,0,0,0,13
5,2020-03-31,Grande SP Norte,7,20,1,1,0,0,0,0,0,0,19
6,2020-04-01,Grande SP Norte,5,25,0,1,0,0,0,0,0,0,24
7,2020-04-02,Grande SP Norte,3,28,1,2,0,0,0,0,0,0,26
8,2020-04-03,Grande SP Norte,9,37,4,6,0,0,0,0,0,0,31
9,2020-04-04,Grande SP Norte,0,37,0,6,0,0,0,0,0,0,31
10,2020-04-05,Grande SP Norte,0,37,0,6,0,0,0,0,0,0,31
11,2020-04-06,Grande SP Norte,18,55,3,9,0,0,0,0,0,0,46
12,2020-04-07,Grande SP Norte,15,70,1,10,0,0,0,0,0,0,60
13,2020-04-08,Grande SP Norte,8,78,0,10,0,0,0,0,0,0,68
14,2020-04-09,Grande SP Norte,8,86,1,11,0,0,0,0,8,8,67
15,2020-04-10,Grande SP Norte,0,86,0,11,0,0,0,0,10,2,65
16,2020-04-11,Grande SP Norte,2,88,0,11,0,0,0,0,10,0,67
17,2020-04-12,Grande SP Norte,0,88,0,11,0,0,0,0,10,0,67
18,2020-04-13,Grande SP Norte,17,105,4,15,0,0,0,0,13,3,77
19,2020-04-14,Grande SP Norte,22,127,0,15,0,0,0,0,19,6,93
20,2020-04-15,Grande SP Norte,10,137,0,15,0,0,0,0,24,5,98
21,2020-04-16,Grande SP Norte,11,148,0,15,0,0,0,0,26,2,107
22,2020-04-17,Grande SP Norte,20,168,1,16,0,0,0,0,31,5,121
23,2020-04-18,Grande SP Norte,21,189,1,17,0,0,0,0,31,0,141
24,2020-04-19,Grande SP Norte,2,191,1,18,0,0,0,0,31,0,142
25,2020-04-20,Grande SP Norte,7,198,2,20,0,0,0,0,46,15,132
26,2020-04-21,Grande SP Norte,35,233,3,23,0,0,0,0,60,14,150
27,2020-04-22,Grande SP Norte,6,239,3,26,0,0,0,0,68,8,145
28,2020-04-23,Grande SP Norte,37,276,4,30,0,0,0,0,75,7,171
29,2020-04-24,Grande SP Norte,41,317,7,37,0,0,0,0,75,0,205
30,2020-04-25,Grande SP Norte,2,319,0,37,0,0,0,0,77,2,205
31,2020-04-26,Grande SP Norte,2,321,0,37,0,0,0,0,77,0,207
32,2020-04-27,Grande SP Norte,31,352,5,42,0,0,0,0,90,13,220
33,2020-04-28,Grande SP Norte,70,422,2,44,0,0,0,0,112,22,266
34,2020-04-29,Grande SP Norte,55,477,5,49,0,0,0,0,122,10,306
35,2020-04-30,Grande SP Norte,23,500,3,52,0,0,0,0,133,11,315
36,2020-05-01,Grande SP Norte,26,526,1,53,0,0,0,0,152,19,321
37,2020-05-02,Grande SP Norte,9,535,0,53,0,0,0,0,172,20,310
38,2020-05-03,Grande SP Norte,4,539,2,55,0,0,0,0,173,1,311
39,2020-05-04,Grande SP Norte,43,582,7,62,0,0,0,0,178,5,342
40,2020-05-05,Grande SP Norte,54,636,2,64,0,0,0,0,210,32,362
41,2020-05-06,Grande SP Norte,41,677,2,66,0,0,0,0,213,3,398
42,2020-05-07,Grande SP Norte,65,742,7,73,0,0,0,0,246,33,423
43,2020-05-08,Grande SP Norte,16,758,3,76,0,0,0,0,280,34,402
44,2020-05-09,Grande SP Norte,14,772,3,79,0,0,0,0,282,2,411
45,2020-05-10,Grande SP Norte,55,827,1,80,0,0,0,0,284,2,463
46,2020-05-11,Grande SP Norte,11,838,2,82,0,0,0,0,310,26,446
47,2020-05-12,Grande SP Norte,67,905,3,85,0,0,0,0,378,68,442
48,2020-05-13,Grande SP Norte,37,942,1,86,0,0,0,0,428,50,428
49,2020-05-14,Grande SP Norte,78,1020,18,104,0,0,0,0,448,20,468
50,2020-05-15,Grande SP Norte,35,1055,4,108,0,0,0,0,473,25,474
51,2020-05-16,Grande SP Norte,19,1074,1,109,0,0,0,0,482,9,483
52,2020-05-17,Grande SP Norte,21,1095,1,110,0,0,0,0,484,2,501
53,2020-05-18,Grande SP Norte,26,1121,0,110,0,0,0,0,520,36,491
54,2020-05-19,Grande SP Norte,80,1201,4,114,0,0,0,0,572,52,515
55,2020-05-20,Grande SP Norte,34,1235,5,119,0,0,0,0,611,39,505
56,2020-05-21,Grande SP Norte,85,1320,12,131,0,0,0,0,669,58,520
57,2020-05-22,Grande SP Norte,29,1349,2,133,0,0,0,0,682,13,534
58,2020-05-23,Grande SP Norte,40,1389,6,139,0,0,0,0,693,11,557
59,2020-05-24,Grande SP Norte,48,1437,0,139,0,0,0,0,747,54,551
60,2020-05-25,Grande SP Norte,32,1469,1,140,0,0,0,0,756,9,573
61,2020-05-26,Grande SP Norte,82,1551,10,150,0,0,0,0,820,64,581
62,2020-05-27,Grande SP Norte,47,1598,4,154,0,0,0,0,856,36,588
63,2020-05-28,Grande SP Norte,44,1642,8,162,0,0,0,0,916,60,564
64,2020-05-29,Grande SP Norte,67,1709,6,168,0,0,0,0,947,31,594
65,2020-05-30,Grande SP Norte,8,1717,3,171,0,0,0,0,965,18,581
66,2020-05-31,Grande SP Norte,35,1752,1,172,0,0,0,0,985,20,595
67,2020-06-01,Grande SP Norte,70,1822,5,177,0,0,0,0,1011,26,634
68,2020-06-02,Grande SP Norte,50,1872,12,189,0,0,0,0,1087,76,596
69,2020-06-03,Grande SP Norte,67,1939,9,198,0,0,0,0,1116,29,625
70,2020-06-04,Grande SP Norte,71,2010,4,202,0,0,0,0,1189,73,619
71,2020-06-05,Grande SP Norte,49,2059,4,206,0,0,0,0,1216,27,637
72,2020-06-06,Grande SP Norte,32,2091,7,213,0,0,0,0,1250,34,628
73,2020-06-07,Grande SP Norte,0,2091,0,213,0,0,0,0,1298,48,580
74,2020-06-08,Grande SP Norte,68,2159,3,216,0,0,0,0,1329,31,614
75,2020-06-09,Grande SP Norte,40,2199,6,222,0,0,0,0,1401,72,576
76,2020-06-10,Grande SP Norte,37,2236,5,227,0,0,0,0,1444,43,565
77,2020-06-11,Grande SP Norte,69,2305,9,236,0,0,0,0,1480,36,589
78,2020-06-12,Grande SP Norte,41,2346,3,239,0,0,0,0,1541,61,566
79,2020-06-13,Grande SP Norte,15,2361,1,240,0,0,0,0,1546,5,575
80,2020-06-14,Grande SP Norte,50,2411,2,242,0,0,0,0,1580,34,589
81,2020-06-15,Grande SP Norte,93,2504,6,248,0,0,0,0,1645,65,611
82,2020-06-16,Grande SP Norte,92,2596,6,254,0,0,0,0,1683,38,659
83,2020-06-17,Grande SP Norte,74,2670,4,258,0,0,0,0,1741,58,671
84,2020-06-18,Grande SP Norte,40,2710,0,258,0,0,0,0,1808,67,644
85,2020-06-19,Grande SP Norte,40,2750,3,261,0,0,0,0,1853,45,636
86,2020-06-20,Grande SP Norte,49,2799,2,263,0,0,0,0,1878,25,658
87,2020-06-21,Grande SP Norte,41,2840,2,265,0,0,0,0,1878,0,697
88,2020-06-22,Grande SP Norte,56,2896,3,268,0,0,0,0,1943,65,685
89,2020-06-23,Grande SP Norte,131,3027,2,270,0,0,0,0,1977,34,780
90,2020-06-24,Grande SP Norte,99,3126,7,277,0,0,0,0,2009,32,840
91,2020-06-25,Grande SP Norte,73,3199,1,278,0,0,0,0,2069,60,852
92,2020-06-26,Grande SP Norte,109,3308,5,283,0,0,0,0,2107,38,918
93,2020-06-27,Grande SP Norte,44,3352,3,286,0,0,0,0,2121,14,945
94,2020-06-28,Grande SP Norte,54,3406,2,288,0,0,0,0,2169,48,949
95,2020-06-29,Grande SP Norte,90,3496,4,292,0,0,0,0,2256,87,948
96,2020-06-30,Grande SP Norte,79,3575,4,296,0,0,0,0,2342,86,937
97,2020-07-01,Grande SP Norte,91,3666,4,300,0,0,0,0,2412,70,954
98,2020-07-02,Grande SP Norte,53,3719,2,302,0,0,0,0,2452,40,965
99,2020-07-03,Grande SP Norte,93,3812,3,305,0,0,0,0,2489,37,1018
100,2020-07-04,Grande SP Norte,97,3909,0,305,0,0,0,0,2536,47,1068
101,2020-07-05,Grande SP Norte,24,3933,0,305,0,0,0,0,2575,39,1053
102,2020-07-06,Grande SP Norte,96,4029,8,313,0,0,0,0,2628,53,1088
103,2020-07-07,Grande SP Norte,93,4122,5,318,0,0,0,0,2757,129,1047
104,2020-07-08,Grande SP Norte,119,4241,5,323,0,0,0,0,2849,92,1069
105,2020-07-09,Grande SP Norte,68,4309,1,324,0,0,0,0,2921,72,1064
106,2020-07-10,Grande SP Norte,47,4356,4,328,0,0,0,0,3025,104,1003
107,2020-07-11,Grande SP Norte,10,4366,1,329,0,0,0,0,3066,41,971
108,2020-07-12,Grande SP Norte,20,4386,0,329,0,0,0,0,3118,52,939
109,2020-07-13,Grande SP Norte,64,4450,3,332,0,0,0,0,3204,86,914
110,2020-07-14,Grande SP Norte,106,4556,3,335,0,0,0,0,3279,75,942
111,2020-07-15,Grande SP Norte,52,4608,3,338,0,0,0,0,3366,87,904
112,2020-07-16,Grande SP Norte,74,4682,2,340,0,0,0,0,3417,51,925
113,2020-07-17,Grande SP Norte,45,4727,3,343,0,0,0,0,3507,90,877
114,2020-07-18,Grande SP Norte,20,4747,0,343,0,0,0,0,3604,97,800
115,2020-07-19,Grande SP Norte,41,4788,0,343,0,0,0,0,3628,24,817
116,2020-07-20,Grande SP Norte,138,4926,4,347,0,0,0,0,3716,88,863
117,2020-07-21,Grande SP Norte,122,5048,4,351,0,0,0,0,3804,88,893
118,2020-07-22,Grande SP Norte,114,5162,3,354,0,0,0,0,3918,114,890
119,2020-07-23,Grande SP Norte,192,5354,1,355,0,0,0,0,3985,67,1014
120,2020-07-24,Grande SP Norte,83,5437,3,358,0,0,0,0,4028,43,1051
121,2020-07-25,Grande SP Norte,7,5444,0,358,0,0,0,0,4037,9,1049
122,2020-07-26,Grande SP Norte,29,5473,1,359,0,0,0,0,4057,20,1057
123,2020-07-27,Grande SP Norte,115,5588,4,363,0,0,0,0,4118,61,1107
124,2020-07-28,Grande SP Norte,212,5800,3,366,0,0,0,0,4221,103,1213
125,2020-07-29,Grande SP Norte,111,5911,4,370,0,0,0,0,4270,49,1271
126,2020-07-30,Grande SP Norte,88,5999,2,372,0,0,0,0,4342,72,1285
127,2020-07-31,Grande SP Norte,113,6112,2,374,0,0,0,0,4384,42,1354
128,2020-08-01,Grande SP Norte,37,6149,1,375,0,0,0,0,4404,20,1370
129,2020-08-02,Grande SP Norte,42,6191,0,375,0,0,0,0,4445,41,1371
130,2020-08-03,Grande SP Norte,114,6305,2,377,0,0,0,0,4579,134,1349
131,2020-08-04,Grande SP Norte,130,6435,3,380,0,0,0,0,4697,118,1358
132,2020-08-05,Grande SP Norte,170,6605,1,381,0,0,0,0,4808,111,1416
133,2020-08-06,Grande SP Norte,31,6629,3,384,0,0,0,0,4999,191,1246
134,2020-08-07,Grande SP Norte,71,6700,1,385,0,0,0,0,5079,80,1236
135,2020-08-08,Grande SP Norte,64,6764,2,387,0,0,0,0,5086,7,1291
136,2020-08-09,Grande SP Norte,5,6769,0,387,0,0,0,0,5114,28,1268
137,2020-08-10,Grande SP Norte,93,6862,3,390,0,0,0,0,5225,111,1247
138,2020-08-11,Grande SP Norte,159,7021,5,395,0,0,0,0,5434,209,1192
139,2020-08-12,Grande SP Norte,120,7141,6,401,0,0,0,0,5541,107,1199
140,2020-08-13,Grande SP Norte,95,7236,1,402,0,0,0,0,5627,86,1207
141,2020-08-14,Grande SP Norte,79,7315,3,405,0,0,0,0,5738,111,1172
142,2020-08-15,Grande SP Norte,12,7327,0,405,0,0,0,0,5774,36,1148
143,2020-08-16,Grande SP Norte,53,7380,0,405,0,0,0,0,5816,42,1159
144,2020-08-17,Grande SP Norte,70,7450,2,407,0,0,0,0,5928,112,1115
145,2020-08-18,Grande SP Norte,97,7547,2,409,0,0,0,0,6055,127,1083
146,2020-08-19,Grande SP Norte,94,7641,1,410,0,0,0,0,6224,169,1007
147,2020-08-20,Grande SP Norte,62,7703,0,410,0,0,0,0,6245,21,1048
148,2020-08-21,Grande SP Norte,106,7809,3,413,0,0,0,0,6315,70,1081
149,2020-08-22,Grande SP Norte,8,7817,0,413,0,0,0,0,6377,62,1027
150,2020-08-23,Grande SP Norte,25,7842,1,414,0,0,0,0,6382,5,1046
151,2020-08-24,Grande SP Norte,73,7915,2,416,0,0,0,0,6472,90,1027
152,2020-08-25,Grande SP Norte,42,7957,1,417,0,0,0,0,6626,154,914
153,2020-08-26,Grande SP Norte,133,8090,5,422,0,0,0,0,6740,114,928
154,2020-08-27,Grande SP Norte,104,8194,4,426,0,0,0,0,6834,94,934
155,2020-08-28,Grande SP Norte,70,8264,5,431,0,0,0,0,6910,76,923
156,2020-08-29,Grande SP Norte,7,8271,0,431,0,0,0,0,6922,12,918
157,2020-08-30,Grande SP Norte,76,8347,0,431,0,0,0,0,6975,53,941
158,2020-08-31,Grande SP Norte,57,8404,2,433,0,0,0,0,7043,68,928
159,2020-09-01,Grande SP Norte,76,8480,0,433,0,0,0,0,7138,95,909
160,2020-09-02,Grande SP Norte,89,8569,2,435,0,0,0,0,7231,93,903
161,2020-09-03,Grande SP Norte,178,8747,2,437,0,0,0,0,7293,62,1017
162,2020-09-04,Grande SP Norte,108,8855,3,440,0,0,0,0,7396,103,1019
163,2020-09-05,Grande SP Norte,35,8890,0,440,0,0,0,0,7404,8,1046
164,2020-09-06,Grande SP Norte,55,8945,0,440,0,0,0,0,7428,24,1077
165,2020-09-07,Grande SP Norte,34,8979,0,440,0,0,0,0,7499,71,1040
166,2020-09-08,Grande SP Norte,55,9034,1,441,0,0,0,0,7540,41,1053
167,2020-09-09,Grande SP Norte,116,9150,1,442,0,0,0,0,7668,128,1040
168,2020-09-10,Grande SP Norte,169,9319,2,444,0,0,0,0,7768,100,1107
169,2020-09-11,Grande SP Norte,61,9380,1,445,0,0,0,0,7833,65,1102
170,2020-09-12,Grande SP Norte,83,9463,1,446,0,0,0,0,7840,7,1177
171,2020-09-13,Grande SP Norte,75,9538,0,446,0,0,0,0,7916,76,1176
172,2020-09-14,Grande SP Norte,11,9549,1,447,0,0,0,0,7971,55,1131
173,2020-09-15,Grande SP Norte,147,9696,2,449,0,0,0,0,8047,76,1200
174,2020-09-16,Grande SP Norte,110,9806,1,450,0,0,0,0,8134,87,1222
175,2020-09-17,Grande SP Norte,53,9859,2,452,0,0,0,0,8310,176,1097
176,2020-09-18,Grande SP Norte,159,10018,8,460,0,0,0,0,8415,105,1143
177,2020-09-19,Grande SP Norte,19,10037,0,460,0,0,0,0,8450,35,1127
178,2020-09-20,Grande SP Norte,25,10062,0,460,0,0,0,0,8505,55,1097
179,2020-09-21,Grande SP Norte,87,10149,0,460,0,0,0,0,8539,34,1150
180,2020-09-22,Grande SP Norte,85,10150,3,463,0,0,0,0,8593,54,1094
181,2020-09-23,Grande SP Norte,407,10557,7,470,0,0,0,0,8708,115,1379
182,2020-09-24,Grande SP Norte,79,10636,0,470,0,0,0,0,8875,167,1291
183,2020-09-25,Grande SP Norte,70,10706,0,470,0,0,0,0,8935,60,1301
184,2020-09-26,Grande SP Norte,30,10736,0,470,0,0,0,0,9017,82,1249
185,2020-09-27,Grande SP Norte,17,10753,0,470,0,0,0,0,9092,75,1191
186,2020-09-28,Grande SP Norte,66,10819,1,471,0,0,0,0,9102,10,1246
187,2020-09-29,Grande SP Norte,32,10712,15,486,0,0,0,0,9247,145,979
188,2020-09-30,Grande SP Norte,54,10766,2,488,0,0,0,0,9356,109,922
189,2020-10-01,Grande SP Norte,59,10821,2,490,0,0,0,0,9407,51,924
190,2020-10-02,Grande SP Norte,55,10876,1,491,0,0,0,0,9558,151,827
191,2020-10-03,Grande SP Norte,40,10916,4,495,0,0,0,0,9577,19,844
192,2020-10-04,Grande SP Norte,66,10982,1,496,0,0,0,0,9602,25,884
193,2020-10-05,Grande SP Norte,39,11021,0,496,0,0,0,0,9689,87,836
194,2020-10-06,Grande SP Norte,51,11072,0,496,0,0,0,0,9687,-2,889
195,2020-10-07,Grande SP Norte,42,11114,1,497,0,0,0,0,10087,400,530
196,2020-10-08,Grande SP Norte,92,11206,0,497,0,0,0,0,10166,79,543
197,2020-10-09,Grande SP Norte,109,11315,1,498,0,0,0,0,10236,70,581
198,2020-10-10,Grande SP Norte,21,11336,0,498,0,0,0,0,10266,30,572
199,2020-10-11,Grande SP Norte,17,11353,0,498,0,0,0,0,10283,17,572
200,2020-10-12,Grande SP Norte,14,11367,0,498,0,0,0,0,10348,65,521
201,2020-10-13,Grande SP Norte,51,11418,1,499,0,0,0,0,10226,-122,693
202,2020-10-14,Grande SP Norte,73,11491,1,500,0,0,0,0,10278,52,713
203,2020-10-15,Grande SP Norte,44,11535,1,501,0,0,0,0,10331,53,703
204,2020-10-16,Grande SP Norte,68,11603,2,503,0,0,0,0,10385,54,715
205,2020-10-17,Grande SP Norte,42,11645,1,504,0,0,0,0,10421,36,720
206,2020-10-18,Grande SP Norte,15,11660,0,504,0,0,0,0,10486,65,670
207,2020-10-19,Grande SP Norte,42,11702,0,503,0,0,0,0,10525,39,674
208,2020-10-20,Grande SP Norte,29,11731,1,504,0,0,0,0,10576,51,651
209,2020-10-21,Grande SP Norte,31,11762,0,504,0,0,0,0,10617,41,641
210,2020-10-22,Grande SP Norte,37,11799,0,504,0,0,0,0,10709,92,586
211,2020-10-23,Grande SP Norte,43,11842,1,505,0,0,0,0,10817,108,520
212,2020-10-24,Grande SP Norte,12,11854,0,505,0,0,0,0,10838,21,511
213,2020-10-25,Grande SP Norte,0,11854,0,505,0,0,0,0,10855,17,494
214,2020-10-26,Grande SP Norte,57,11911,1,506,0,0,0,0,10869,14,536
215,2020-10-27,Grande SP Norte,18,11929,0,506,0,0,0,0,10919,50,504
216,2020-10-28,Grande SP Norte,82,12011,1,507,0,0,0,0,10991,72,513
217,2020-10-29,Grande SP Norte,16,12011,3,510,0,0,0,0,11034,43,467
218,2020-10-30,Grande SP Norte,67,12078,0,510,0,0,0,0,11100,66,468
219,2020-10-31,Grande SP Norte,7,12085,0,510,0,0,0,0,11141,41,434
220,2020-11-01,Grande SP Norte,13,12098,0,510,0,0,0,0,11156,15,432
221,2020-11-02,Grande SP Norte,12,12110,0,510,0,0,0,0,11199,43,401
222,2020-11-03,Grande SP Norte,26,12136,1,511,0,0,0,0,11227,28,398
223,2020-11-04,Grande SP Norte,14,12150,2,513,0,0,0,0,11258,31,379
224,2020-11-05,Grande SP Norte,22,12172,0,513,0,0,0,0,11295,37,364
225,2020-11-06,Grande SP Norte,164,12336,0,513,0,0,0,0,11337,42,486
226,2020-11-07,Grande SP Norte,7,12343,0,513,0,0,0,0,11349,12,481
227,2020-11-08,Grande SP Norte,12,12355,0,513,0,0,0,0,11349,0,493
228,2020-11-09,Grande SP Norte,35,12390,0,513,0,0,0,0,11405,56,472
229,2020-11-10,Grande SP Norte,54,12444,0,513,0,0,0,0,11423,18,508
230,2020-11-11,Grande SP Norte,18,12462,0,513,0,0,0,0,11504,81,445
231,2020-11-12,Grande SP Norte,48,12510,0,513,0,0,0,0,11501,-3,496
232,2020-11-13,Grande SP Norte,15,12525,0,513,0,0,0,0,11568,67,444
233,2020-11-14,Grande SP Norte,13,12538,0,513,0,0,0,0,11575,7,450
234,2020-11-15,Grande SP Norte,9,12547,0,513,0,0,0,0,11588,13,446
235,2020-11-16,Grande SP Norte,62,12609,1,514,0,0,0,0,11600,12,495
236,2020-11-17,Grande SP Norte,12,12621,0,514,0,0,0,0,11625,25,482
237,2020-11-18,Grande SP Norte,23,12644,1,515,0,0,0,0,11637,12,492
238,2020-11-19,Grande SP Norte,6,12650,1,516,0,0,0,0,11659,22,475
239,2020-11-20,Grande SP Norte,13,12663,2,518,0,0,0,0,11823,164,322
240,2020-11-21,Grande SP Norte,83,12746,4,522,0,0,0,0,11830,7,394
241,2020-11-22,Grande SP Norte,7,12753,0,522,0,0,0,0,11842,12,389
242,2020-11-23,Grande SP Norte,203,12956,3,525,0,0,0,0,11877,35,554
243,2020-11-24,Grande SP Norte,306,13262,5,530,0,0,0,0,11931,54,801
244,2020-11-25,Grande SP Norte,55,13317,1,531,0,0,0,0,11949,18,837
245,2020-11-26,Grande SP Norte,28,13345,0,531,0,0,0,0,11997,48,817
246,2020-11-27,Grande SP Norte,102,13447,1,532,0,0,0,0,12012,15,903
247,2020-11-28,Grande SP Norte,16,13463,1,533,0,0,0,0,12025,13,905
248,2020-11-29,Grande SP Norte,27,13490,0,533,0,0,0,0,12034,9,923
249,2020-11-30,Grande SP Norte,210,13700,0,533,0,0,0,0,12095,61,1072
250,2020-12-01,Grande SP Norte,27,13727,0,533,0,0,0,0,12107,12,1087
251,2020-12-02,Grande SP Norte,174,13901,2,535,0,0,0,0,12129,22,1237
252,2020-12-03,Grande SP Norte,18,13919,0,535,0,0,0,0,12134,5,1250
253,2020-12-04,Grande SP Norte,242,14161,1,536,0,0,0,0,12145,11,1480
254,2020-12-05,Grande SP Norte,28,14189,0,536,0,0,0,0,12224,79,1429
255,2020-12-06,Grande SP Norte,10,14199,1,537,0,0,0,0,12231,7,1431
256,2020-12-07,Grande SP Norte,72,14271,1,538,0,0,0,0,12431,200,1302
257,2020-12-08,Grande SP Norte,19,14290,2,540,0,0,0,0,12732,301,1018
258,2020-12-09,Grande SP Norte,55,14345,3,543,0,0,0,0,12786,54,1016
259,2020-12-10,Grande SP Norte,83,14428,1,544,0,0,0,0,12814,28,1070
260,2020-12-11,Grande SP Norte,544,14972,0,544,0,0,0,0,12915,101,1513
261,2020-12-12,Grande SP Norte,47,15019,0,544,0,0,0,0,12930,15,1545
262,2020-12-13,Grande SP Norte,67,15086,0,544,0,0,0,0,12957,27,1585
263,2020-12-14,Grande SP Norte,32,15118,2,546,0,0,0,0,13167,210,1405
264,2020-12-15,Grande SP Norte,51,15169,0,546,0,0,0,0,13194,27,1429
265,2020-12-16,Grande SP Norte,155,15324,8,554,0,0,0,0,13366,172,1404
266,2020-12-17,Grande SP Norte,16,15340,0,554,0,0,0,0,13384,18,1402
267,2020-12-18,Grande SP Norte,116,15456,0,554,0,0,0,0,13625,241,1277
268,2020-12-19,Grande SP Norte,34,15490,0,554,0,0,0,0,13653,28,1283
269,2020-12-20,Grande SP Norte,25,15515,1,555,0,0,0,0,13662,9,1298
270,2020-12-21,Grande SP Norte,57,15572,2,557,0,0,0,0,13733,71,1282
271,2020-12-22,Grande SP Norte,160,15732,4,561,0,0,0,0,13750,17,1421
272,2020-12-23,Grande SP Norte,138,15870,0,561,0,0,0,0,13802,52,1507
273,2020-12-24,Grande SP Norte,13,15883,0,561,0,0,0,0,13884,82,1438
274,2020-12-25,Grande SP Norte,17,15900,0,561,0,0,0,0,14428,544,911
275,2020-12-26,Grande SP Norte,17,15917,0,561,0,0,0,0,14475,47,881
276,2020-12-27,Grande SP Norte,16,15933,0,561,0,0,0,0,14542,67,830
277,2020-12-28,Grande SP Norte,148,16081,0,561,0,0,0,0,14572,30,948
278,2020-12-29,Grande SP Norte,20,16101,0,561,0,0,0,0,14623,51,917
279,2020-12-30,Grande SP Norte,14,16115,0,561,0,0,0,0,14770,147,784
280,2020-12-31,Grande SP Norte,17,16132,0,561,0,0,0,0,14786,16,785
281,2021-01-01,Grande SP Norte,12,16144,0,561,0,0,0,0,14902,116,681
282,2021-01-02,Grande SP Norte,11,16155,0,561,0,0,0,0,14936,34,658
283,2021-01-03,Grande SP Norte,15,16170,0,561,0,0,0,0,14960,24,649
284,2021-01-04,Grande SP Norte,157,16327,0,561,0,0,0,0,15015,55,751
285,2021-01-05,Grande SP Norte,17,16344,0,561,0,0,0,0,15171,156,612
286,2021-01-06,Grande SP Norte,299,16643,6,567,0,0,0,0,15309,138,767
287,2021-01-07,Grande SP Norte,128,16771,0,567,0,0,0,0,15322,13,882
288,2021-01-08,Grande SP Norte,442,17213,7,574,0,0,0,0,15339,17,1300
289,2021-01-09,Grande SP Norte,46,17259,1,575,0,0,0,0,15356,17,1328
290,2021-01-10,Grande SP Norte,100,17359,1,576,0,0,0,0,15372,16,1411
291,2021-01-11,Grande SP Norte,202,17561,3,579,0,0,0,0,15520,148,1462
292,2021-01-12,Grande SP Norte,417,17978,5,584,0,0,0,0,15540,20,1854
293,2021-01-13,Grande SP Norte,97,18075,1,585,0,0,0,0,15554,14,1936
294,2021-01-14,Grande SP Norte,146,18221,4,589,0,0,0,0,15571,17,2061
295,2021-01-15,Grande SP Norte,168,18389,1,590,0,0,0,0,15583,12,2216
296,2021-01-16,Grande SP Norte,61,18450,0,590,0,0,0,0,15594,11,2266
297,2021-01-17,Grande SP Norte,44,18494,0,590,0,0,0,0,15609,15,2295
298,2021-01-18,Grande SP Norte,230,18724,1,591,0,0,0,0,15766,157,2367
299,2021-01-19,Grande SP Norte,299,19023,11,602,0,0,0,0,15783,17,2638
300,2021-01-20,Grande SP Norte,155,19178,4,606,0,0,0,0,16076,293,2496
301,2021-01-21,Grande SP Norte,210,19388,4,610,0,0,0,0,16204,128,2574
302,2021-01-22,Grande SP Norte,80,19468,0,610,0,0,0,0,16639,435,2219
303,2021-01-23,Grande SP Norte,131,19599,0,610,0,0,0,0,16684,45,2305
304,2021-01-24,Grande SP Norte,27,19626,0,610,0,0,0,0,16783,99,2233
305,2021-01-25,Grande SP Norte,83,19709,0,610,0,0,0,0,16982,199,2117
306,2021-01-26,Grande SP Norte,228,19937,8,618,0,0,0,0,17394,412,1925
307,2021-01-27,Grande SP Norte,188,20125,0,618,0,0,0,0,17490,96,2017
308,2021-01-28,Grande SP Norte,199,20324,8,626,0,0,0,0,17632,142,2066
309,2021-01-29,Grande SP Norte,66,20390,2,628,0,0,0,0,17799,167,1963
310,2021-01-30,Grande SP Norte,121,20511,0,628,0,0,0,0,17860,61,2023
311,2021-01-31,Grande SP Norte,38,20549,0,628,0,0,0,0,17904,44,2017
312,2021-02-01,Grande SP Norte,90,20639,3,631,0,0,0,0,18133,229,1875
313,2021-02-02,Grande SP Norte,131,20770,1,632,0,0,0,0,18421,288,1717
314,2021-02-03,Grande SP Norte,138,20908,1,633,0,0,0,0,18572,151,1703
315,2021-02-04,Grande SP Norte,214,21122,2,635,0,0,0,0,18778,206,1709
316,2021-02-05,Grande SP Norte,66,21188,2,637,0,0,0,0,18858,80,1693
317,2021-02-06,Grande SP Norte,28,21216,0,637,0,0,0,0,18989,131,1590
318,2021-02-07,Grande SP Norte,60,21276,0,637,0,0,0,0,19016,27,1623
319,2021-02-08,Grande SP Norte,259,21535,4,641,0,0,0,0,19099,83,1795
320,2021-02-09,Grande SP Norte,178,21672,4,645,0,0,0,0,19319,220,1708
321,2021-02-10,Grande SP Norte,39,21711,1,646,0,0,0,0,19507,188,1558
322,2021-02-11,Grande SP Norte,188,21899,3,649,0,0,0,0,19698,191,1552
323,2021-02-12,Grande SP Norte,38,21937,5,654,0,0,0,0,19762,64,1521
324,2021-02-13,Grande SP Norte,0,21937,0,654,0,0,0,0,19883,121,1400
325,2021-02-14,Grande SP Norte,70,22007,0,654,0,0,0,0,19921,38,1432
326,2021-02-15,Grande SP Norte,141,22148,4,658,0,0,0,0,20008,87,1482
327,2021-02-16,Grande SP Norte,241,22389,1,659,0,0,0,0,20138,130,1592
328,2021-02-17,Grande SP Norte,87,22476,2,661,0,0,0,0,20275,137,1540
329,2021-02-18,Grande SP Norte,84,22560,0,661,0,0,0,0,20487,212,1412
330,2021-02-19,Grande SP Norte,105,22665,1,662,0,482,0,0,20551,64,1452
331,2021-02-20,Grande SP Norte,16,22681,0,662,0,32,0,0,20579,28,1440
332,2021-02-21,Grande SP Norte,60,22741,0,662,0,25,0,0,20639,60,1440
333,2021-02-22,Grande SP Norte,125,22866,1,663,0,746,0,0,20894,255,1309
334,2021-02-23,Grande SP Norte,78,22944,7,670,0,341,0,0,21027,133,1247
335,2021-02-24,Grande SP Norte,57,23001,2,672,0,115,0,0,21065,38,1264
336,2021-02-25,Grande SP Norte,352,23353,1,673,0,263,0,0,21250,185,1430
337,2021-02-26,Grande SP Norte,273,23626,14,687,0,374,0,0,21283,33,1656
338,2021-02-27,Grande SP Norte,20,23646,2,689,0,100,0,0,21283,0,1674
339,2021-02-28,Grande SP Norte,28,23674,0,689,0,0,0,0,21353,70,1632
340,2021-03-01,Grande SP Norte,57,23731,1,690,0,36,0,0,21490,137,1551
341,2021-03-02,Grande SP Norte,62,23793,0,690,0,382,0,0,21730,240,1373
342,2021-03-03,Grande SP Norte,96,23889,2,692,0,174,0,0,21815,85,1382
343,2021-03-04,Grande SP Norte,284,24173,2,694,0,1436,0,0,21899,84,1580
344,2021-03-05,Grande SP Norte,107,24166,1,695,0,214,0,0,22003,104,1468
345,2021-03-06,Grande SP Norte,54,24220,0,695,0,0,0,0,22019,16,1506
346,2021-03-07,Grande SP Norte,48,24268,0,695,0,0,0,0,22079,60,1494
347,2021-03-08,Grande SP Norte,231,24499,2,697,0,1155,0,0,22203,124,1599
348,2021-03-09,Grande SP Norte,143,24642,4,701,0,375,0,0,22274,71,1667
349,2021-03-10,Grande SP Norte,136,24778,3,704,0,0,0,0,22329,55,1745
350,2021-03-11,Grande SP Norte,219,24997,3,707,0,109,0,0,22680,351,1610
351,2021-03-12,Grande SP Norte,94,25091,0,707,0,12,0,0,22939,259,1445
352,2021-03-13,Grande SP Norte,58,25149,2,709,0,0,0,0,22957,18,1483
353,2021-03-14,Grande SP Norte,31,25180,1,710,0,0,0,0,22985,28,1485
354,2021-03-15,Grande SP Norte,264,25444,9,719,0,146,0,0,23041,56,1684
355,2021-03-16,Grande SP Norte,77,25521,4,723,0,64,0,0,23103,62,1695
356,2021-03-17,Grande SP Norte,195,25716,9,732,0,119,0,0,23197,94,1787
357,2021-03-18,Grande SP Norte,267,25983,3,735,0,102,0,0,23479,282,1769
358,2021-03-19,Grande SP Norte,157,26140,5,740,0,366,0,0,23471,-8,1929
359,2021-03-20,Grande SP Norte,56,26196,1,741,0,56,0,0,23525,54,1930
360,2021-03-21,Grande SP Norte,39,26235,2,743,0,2,0,0,23573,48,1919
361,2021-03-22,Grande SP Norte,175,26410,2,745,0,18,0,0,23802,229,1863
362,2021-03-23,Grande SP Norte,172,26582,7,752,0,114,0,0,23941,139,1889
363,2021-03-24,Grande SP Norte,121,26703,5,757,0,86,0,0,24074,133,1872
364,2021-03-25,Grande SP Norte,519,27222,24,781,0,102,0,0,24290,216,2151
365,2021-03-26,Grande SP Norte,271,27493,8,789,0,160,0,0,24384,94,2320
366,2021-03-27,Grande SP Norte,119,27612,3,792,0,0,0,0,24440,56,2380
367,2021-03-28,Grande SP Norte,153,27765,7,799,0,0,0,0,24470,30,2496
368,2021-03-29,Grande SP Norte,211,27976,4,803,0,119,0,0,24725,255,2448
369,2021-03-30,Grande SP Norte,117,28093,2,805,0,27,0,0,24798,73,2490
370,2021-03-31,Grande SP Norte,394,28487,22,827,0,79,0,0,24984,186,2676
371,2021-04-01,Grande SP Norte,172,28659,25,852,881,39787,501,11852,25248,264,2559
372,2021-04-02,Grande SP Norte,33,28692,2,854,165,39952,20,11872,25400,152,2438
373,2021-04-03,Grande SP Norte,62,28754,5,859,38,39990,2,11874,25455,55,2440
374,2021-04-04,Grande SP Norte,50,28804,4,863,98,40088,2,11876,25492,37,2449
375,2021-04-05,Grande SP Norte,360,29164,13,876,2379,42467,891,12767,25665,173,2623
376,2021-04-06,Grande SP Norte,278,29442,26,902,2237,44704,1095,13862,25830,165,2710
377,2021-04-07,Grande SP Norte,137,29579,9,911,649,45353,677,14539,25946,116,2722
378,2021-04-08,Grande SP Norte,296,29875,9,920,193,45546,392,14931,26441,495,2514
379,2021-04-09,Grande SP Norte,97,29972,7,927,653,46199,913,15844,26704,263,2341
380,2021-04-10,Grande SP Norte,48,30020,0,927,1144,47343,525,16369,26820,116,2273
381,2021-04-11,Grande SP Norte,53,30073,6,933,46,47389,194,16563,26966,146,2174
382,2021-04-12,Grande SP Norte,393,30466,21,954,1856,49245,965,17528,27173,207,2339
383,2021-04-13,Grande SP Norte,714,31180,15,969,1319,50564,565,18093,27288,115,2923
384,2021-04-14,Grande SP Norte,65,31245,4,973,498,51062,1604,19697,27660,372,2612
385,2021-04-15,Grande SP Norte,292,31537,28,1001,650,51712,1616,21313,27807,147,2729
386,2021-04-16,Grande SP Norte,171,31708,2,1003,599,52311,1255,22568,27838,31,2867
387,2021-04-17,Grande SP Norte,51,31759,0,1003,1292,53603,1486,24054,27895,57,2861
388,2021-04-18,Grande SP Norte,60,31819,0,1003,667,54270,131,24185,27941,46,2875
389,2021-04-19,Grande SP Norte,409,32228,23,1026,1167,55437,576,24761,28288,347,2914
390,2021-04-20,Grande SP Norte,191,32419,9,1035,0,55437,0,24761,28540,252,2844
391,2021-04-21,Grande SP Norte,75,32494,8,1043,2116,57553,2716,27477,28668,128,2783
392,2021-04-22,Grande SP Norte,96,32590,17,1060,2233,59786,1270,28747,28955,287,2575
393,2021-04-23,Grande SP Norte,319,32909,21,1081,1577,61363,960,29707,29045,90,2783
394,2021-04-24,Grande SP Norte,54,32963,0,1081,784,62147,1326,31033,29093,48,2789
395,2021-04-25,Grande SP Norte,62,33025,0,1081,83,62230,59,31092,29140,47,2804
396,2021-04-26,Grande SP Norte,110,33135,6,1087,1009,63239,885,31977,29512,372,2536
397,2021-04-27,Grande SP Norte,131,33266,9,1096,1473,64712,1075,33052,30211,699,1959
398,2021-04-28,Grande SP Norte,226,33492,7,1103,0,64712,0,33052,30272,61,2117
399,2021-04-29,Grande SP Norte,67,33559,8,1111,1808,66520,1779,34831,30536,264,1912
400,2021-04-30,Grande SP Norte,594,34153,27,1138,1542,68062,675,35506,30705,169,2310
401,2021-05-01,Grande SP Norte,48,34201,2,1140,2755,70817,771,36277,30756,51,2305
402,2021-05-02,Grande SP Norte,78,34279,1,1141,0,70817,0,36277,30816,60,2322
403,2021-05-03,Grande SP Norte,51,34330,0,1141,2388,73205,350,36627,31202,386,1987
404,2021-05-04,Grande SP Norte,253,34583,10,1151,932,74137,180,36807,31384,182,2048
405,2021-05-05,Grande SP Norte,175,34758,11,1162,3476,77613,1401,38208,31451,67,2145
406,2021-05-06,Grande SP Norte,126,34884,13,1175,1056,78669,410,38618,31530,79,2179
407,2021-05-07,Grande SP Norte,289,35173,10,1185,1564,80233,474,39092,31828,298,2160
408,2021-05-08,Grande SP Norte,56,35229,0,1185,0,80233,0,39092,31882,54,2162
409,2021-05-09,Grande SP Norte,25,35254,0,1185,0,80233,0,39092,31944,62,2125
410,2021-05-10,Grande SP Norte,106,35360,11,1196,2872,83105,1975,41067,32048,104,2116
411,2021-05-11,Grande SP Norte,591,35951,13,1209,1040,84145,610,41677,32170,122,2572
412,2021-05-12,Grande SP Norte,58,36009,5,1214,1322,85467,934,42611,32389,219,2406
413,2021-05-13,Grande SP Norte,163,36172,11,1225,1885,87352,368,42979,32448,59,2499
414,2021-05-14,Grande SP Norte,107,36279,4,1229,1933,89285,211,43190,33015,567,2035
415,2021-05-15,Grande SP Norte,44,36323,6,1235,0,89285,0,43190,33061,46,2027
416,2021-05-16,Grande SP Norte,39,36362,0,1235,539,89824,108,43298,33138,77,1989
417,2021-05-17,Grande SP Norte,207,36569,3,1238,1568,91392,326,43624,33189,51,2142
418,2021-05-18,Grande SP Norte,122,36691,5,1243,1731,93123,147,43771,33432,243,2016
419,2021-05-19,Grande SP Norte,88,36779,11,1254,2170,95293,340,44111,33596,164,1929
420,2021-05-20,Grande SP Norte,137,36916,5,1259,1350,96643,218,44329,33709,113,1948
421,2021-05-21,Grande SP Norte,130,37046,3,1262,2014,98657,356,44685,33988,279,1796
422,2021-05-22,Grande SP Norte,19,37065,0,1262,1165,99822,1481,46166,34044,56,1759
423,2021-05-23,Grande SP Norte,34,37099,0,1262,172,99994,252,46418,34069,25,1768
424,2021-05-24,Grande SP Norte,91,37190,3,1265,1512,101506,751,47169,34164,95,1761
425,2021-05-25,Grande SP Norte,260,37450,7,1272,1835,103341,812,47981,34742,578,1436
426,2021-05-26,Grande SP Norte,432,37882,8,1280,1687,105028,648,48629,34795,53,1807
427,2021-05-27,Grande SP Norte,88,37970,0,1280,784,105812,342,48971,34947,152,1743
428,2021-05-28,Grande SP Norte,81,38051,7,1287,2263,108075,884,49855,35050,103,1714
429,2021-05-29,Grande SP Norte,12,38063,0,1287,1402,109477,479,50334,35088,38,1688
430,2021-05-30,Grande SP Norte,33,38096,6,1293,240,109717,96,50430,35127,39,1676
431,2021-05-31,Grande SP Norte,126,38222,7,1300,1322,111039,273,50703,35331,204,1591
432,2021-06-01,Grande SP Norte,118,38340,4,1304,1212,112251,228,50931,35448,117,1588
433,2021-06-02,Grande SP Norte,54,38394,0,1304,1956,114207,290,51221,35525,77,1565
434,2021-06-03,Grande SP Norte,43,38437,8,1312,1059,115266,118,51339,35657,132,1468
435,2021-06-04,Grande SP Norte,30,38467,0,1312,376,115642,30,51369,35784,127,1371
436,2021-06-05,Grande SP Norte,40,38507,3,1315,812,116454,71,51440,35803,19,1389
437,2021-06-06,Grande SP Norte,52,38559,0,1315,143,116597,6,51446,35837,34,1407
438,2021-06-07,Grande SP Norte,183,38742,6,1321,1689,118286,216,51662,35925,88,1496
439,2021-06-08,Grande SP Norte,398,39140,7,1328,1523,119809,157,51819,36178,253,1634
440,2021-06-09,Grande SP Norte,91,39231,2,1330,556,120365,31,51850,36602,424,1299
441,2021-06-10,Grande SP Norte,198,39429,4,1334,3119,123484,135,51985,36690,88,1405
442,2021-06-11,Grande SP Norte,249,39678,6,1340,1531,125015,34,52019,36764,74,1574
443,2021-06-12,Grande SP Norte,89,39767,2,1342,2523,127538,45,52064,36776,12,1649
444,2021-06-13,Grande SP Norte,53,39820,0,1342,725,128263,11,52075,36803,27,1675
445,2021-06-14,Grande SP Norte,149,39969,0,1342,1783,130046,58,52133,36922,119,1705
446,2021-06-15,Grande SP Norte,231,40200,20,1362,3289,133335,58,52191,37036,114,1802
447,2021-06-16,Grande SP Norte,103,40303,6,1368,5731,139066,56,52247,37090,54,1845
448,2021-06-17,Grande SP Norte,224,40527,8,1376,7081,146147,52,52299,37125,35,2026
449,2021-06-18,Grande SP Norte,237,40764,8,1384,799,146946,10,52309,37155,30,2225
450,2021-06-19,Grande SP Norte,46,40810,0,1384,997,147943,9,52318,37192,37,2234
451,2021-06-20,Grande SP Norte,46,40856,10,1394,0,147943,0,52318,37244,52,2218
452,2021-06-21,Grande SP Norte,104,40960,8,1402,18486,166429,132,52450,37421,177,2137
453,2021-06-22,Grande SP Norte,267,41227,6,1408,4960,171389,-80,52370,37812,391,2007
454,2021-06-23,Grande SP Norte,410,41637,11,1419,6417,177806,98,52468,37901,89,2317
455,2021-06-24,Grande SP Norte,439,42076,12,1431,3596,181402,44,52512,38095,194,2550
456,2021-06-25,Grande SP Norte,331,42407,3,1434,8446,189848,136,52648,38338,243,2635
457,2021-06-26,Grande SP Norte,0,42407,0,1434,6795,196643,58,52706,38425,87,2548
458,2021-06-27,Grande SP Norte,68,42475,5,1439,2194,198837,12,52718,38478,53,2558
459,2021-06-28,Grande SP Norte,205,42680,4,1443,4304,203141,203,52921,38627,149,2610
460,2021-06-29,Grande SP Norte,94,42774,0,1443,1590,204731,29,52950,38838,211,2493
461,2021-06-30,Grande SP Norte,55,42829,4,1447,4798,209529,421,53371,38935,97,2447
462,2021-07-01,Grande SP Norte,173,43002,2,1449,3801,213330,82,53453,39151,216,2402
463,2021-07-02,Grande SP Norte,293,43295,7,1456,4405,217735,1187,54640,39380,229,2459
464,2021-07-03,Grande SP Norte,10,43305,0,1456,4644,222379,118,54758,39426,46,2423
465,2021-07-04,Grande SP Norte,26,43331,0,1456,2253,224632,246,55004,39462,36,2413
466,2021-07-05,Grande SP Norte,169,43500,1,1457,3268,227900,387,55391,39558,96,2485
467,2021-07-06,Grande SP Norte,88,43588,2,1459,-7344,220556,363,55754,39819,261,2310
468,2021-07-07,Grande SP Norte,80,43668,6,1465,12066,232622,266,56020,40218,399,1985
469,2021-07-08,Grande SP Norte,94,43762,3,1468,3050,235672,301,56321,40645,427,1649
470,2021-07-09,Grande SP Norte,21,43783,0,1468,2510,238182,770,57091,40973,328,1342
471,2021-07-10,Grande SP Norte,378,44161,7,1475,2765,240947,631,57722,40973,0,1713
472,2021-07-11,Grande SP Norte,23,44184,0,1475,380,241327,426,58148,41036,63,1673
473,2021-07-12,Grande SP Norte,162,44346,6,1481,912,242239,981,59129,41237,201,1628
474,2021-07-13,Grande SP Norte,130,44476,7,1488,1987,244226,1096,60225,41331,94,1657
475,2021-07-14,Grande SP Norte,60,44536,0,1488,3957,248183,1221,61446,41382,51,1666
476,2021-07-15,Grande SP Norte,87,44623,3,1491,3380,251563,1357,62803,41553,171,1579
477,2021-07-16,Grande SP Norte,230,44853,2,1493,5025,256588,1416,64219,41839,286,1521
478,2021-07-17,Grande SP Norte,44,44897,0,1493,0,256588,0,64219,41849,10,1555
479,2021-07-18,Grande SP Norte,22,44919,0,1493,0,256588,0,64219,41875,26,1551
480,2021-07-19,Grande SP Norte,61,44980,0,1493,0,256588,0,64219,42043,168,1444
481,2021-07-20,Grande SP Norte,200,45180,6,1499,20119,276707,4558,68777,42129,86,1552
482,2021-07-21,Grande SP Norte,89,45269,4,1503,3817,280524,3464,72241,42203,74,1563
483,2021-07-22,Grande SP Norte,43,45312,0,1503,3478,284002,2985,75226,42294,91,1515
484,2021-07-23,Grande SP Norte,173,45485,5,1508,2667,286669,3915,79141,42315,21,1662
485,2021-07-24,Grande SP Norte,14,45499,0,1508,3247,289916,3922,83063,42686,371,1305
486,2021-07-25,Grande SP Norte,9,45508,0,1508,396,290312,-879,82184,42709,23,1291
487,2021-07-26,Grande SP Norte,98,45606,3,1511,2348,292660,5388,87572,42865,156,1230
488,2021-07-27,Grande SP Norte,96,45702,4,1515,1079,293739,3612,91184,42988,123,1199
489,2021-07-28,Grande SP Norte,25,45727,2,1517,2569,296308,1544,92728,43048,60,1162
490,2021-07-29,Grande SP Norte,53,45780,0,1517,3742,300050,1893,94621,43132,84,1131
491,2021-07-30,Grande SP Norte,34,45814,0,1517,4845,304895,1531,96152,43360,228,937
492,2021-07-31,Grande SP Norte,6,45820,0,1517,6121,311016,793,96945,43404,44,899
493,2021-08-01,Grande SP Norte,0,45820,0,1517,1392,312408,163,97108,43426,22,877
494,2021-08-02,Grande SP Norte,92,45912,2,1519,3018,315426,944,98052,43487,61,906
495,2021-08-03,Grande SP Norte,169,46081,3,1522,7207,322633,1990,100042,43681,194,878
496,2021-08-04,Grande SP Norte,20,46101,1,1523,1590,324223,340,100382,43766,85,812
497,2021-08-05,Grande SP Norte,560,46661,16,1539,3986,328209,1718,102100,43809,43,1313
498,2021-08-06,Grande SP Norte,126,46787,1,1540,4448,332657,3563,105663,43977,168,1270
499,2021-08-07,Grande SP Norte,14,46801,0,1540,2937,335594,1238,106901,43991,14,1270
500,2021-08-08,Grande SP Norte,19,46820,0,1540,560,336154,138,107039,44000,9,1280
501,2021-08-09,Grande SP Norte,33,46853,4,1544,6858,343012,1802,108841,44095,95,1214
502,2021-08-10,Grande SP Norte,33,46886,2,1546,6342,349354,1410,110251,44187,92,1153
503,2021-08-11,Grande SP Norte,22,46908,5,1551,11426,360780,2908,113159,44210,23,1147
504,2021-08-12,Grande SP Norte,161,47069,5,1556,1183,361963,205,113364,44263,53,1250
505,2021-08-13,Grande SP Norte,50,47119,4,1560,11516,373479,6632,119996,44297,34,1262
506,2021-08-14,Grande SP Norte,28,47147,0,1560,6908,380387,2633,122629,44303,6,1284
507,2021-08-15,Grande SP Norte,31,47178,0,1560,1259,381646,1002,123631,44303,0,1315
508,2021-08-16,Grande SP Norte,80,47258,23,1583,2979,384625,3242,126873,44393,90,1282
509,2021-08-17,Grande SP Norte,82,47340,4,1587,3499,388124,4862,131735,44559,166,1194
510,2021-08-18,Grande SP Norte,28,47368,0,1587,2714,390838,5216,136951,44578,19,1203
511,2021-08-19,Grande SP Norte,150,47518,8,1595,0,390838,0,136951,45122,544,801
512,2021-08-20,Grande SP Norte,32,47550,0,1595,2544,393382,6547,143498,45247,125,708
513,2021-08-21,Grande SP Norte,13,47563,0,1595,9107,402489,2725,146223,45261,14,707
514,2021-08-22,Grande SP Norte,14,47577,0,1595,2450,404939,404,146627,45280,19,702
515,2021-08-23,Grande SP Norte,63,47640,1,1596,2096,407035,3480,150107,45309,29,735
516,2021-08-24,Grande SP Norte,148,47788,4,1600,1538,408573,3192,153299,45340,31,848
517,2021-08-25,Grande SP Norte,32,47820,0,1600,1494,410067,3293,156592,45357,17,863
518,2021-08-26,Grande SP Norte,765,48585,3,1603,0,410067,0,156592,45513,156,1469
519,2021-08-27,Grande SP Norte,49,48634,2,1605,2465,412532,6297,162889,45559,46,1470
520,2021-08-28,Grande SP Norte,15,48649,0,1605,4060,416592,3450,166339,45587,28,1457
521,2021-08-29,Grande SP Norte,10,48659,0,1605,862,417454,1039,167378,45618,31,1436
522,2021-08-30,Grande SP Norte,30,48689,1,1606,4177,421631,5433,172811,45675,57,1408
523,2021-08-31,Grande SP Norte,65,48754,0,1606,0,421631,0,172811,45753,78,1395
524,2021-09-01,Grande SP Norte,67,48821,2,1608,7425,429056,8477,181288,45781,28,1432
525,2021-09-02,Grande SP Norte,76,48897,1,1609,4040,433096,6257,187545,45923,142,1365
526,2021-09-03,Grande SP Norte,42,48939,0,1609,2644,435740,4537,192082,45955,32,1375
527,2021-09-04,Grande SP Norte,13,48952,0,1609,4559,440299,2607,194689,45968,13,1375
528,2021-09-05,Grande SP Norte,9,48961,0,1609,778,441077,451,195140,45982,14,1370
529,2021-09-06,Grande SP Norte,14,48975,0,1609,1897,442974,2339,197479,46044,62,1322
530,2021-09-07,Grande SP Norte,16,48991,0,1609,572,443546,1658,199137,46188,144,1194
531,2021-09-08,Grande SP Norte,30,49021,4,1613,1751,445297,5982,205119,46220,32,1188
532,2021-09-09,Grande SP Norte,64,49085,1,1614,4736,450033,12398,217517,46982,762,489
533,2021-09-10,Grande SP Norte,112,49197,1,1615,2366,452399,7785,225302,47029,47,553
534,2021-09-11,Grande SP Norte,10,49207,0,1615,1111,453510,2770,228072,47044,15,548
535,2021-09-12,Grande SP Norte,1,49208,0,1615,0,453510,0,228072,47054,10,539
536,2021-09-13,Grande SP Norte,115,49323,2,1617,3406,456916,13662,241734,47083,29,623
537,2021-09-14,Grande SP Norte,51,49374,2,1619,1619,458535,7002,248736,47148,65,607
538,2021-09-15,Grande SP Norte,30,49404,0,1619,1678,460213,6981,255717,47213,65,572
539,2021-09-16,Grande SP Norte,53,49457,0,1619,1245,461458,4790,260507,47288,75,550
540,2021-09-17,Grande SP Norte,120,49577,1,1620,1739,463197,4244,264751,47330,42,627
